member_casual,trip_count,avg_ride_length,max_ride_length
member,7951222,12.572112129430955,1497.8666666666666
casual,5338509,26.95730395883944,55944.15
