member_casual,trip_count,avg_ride_length,max_ride_length
member,2791749,12.28887705273048,1497.4754166666667
casual,1609958,23.651826751391464,1499.6377
